{"bounds": [[0.2, 0.8], [0.2, 0.8], [0.2, 0.8]], "sequence_length": 804, "default_connectivity_radius": 0.025, "dim": 3, "dt": 0.05, "vel_mean": [2.510408896427656e-07, -0.0005547526395911461, 1.534239470552602e-05], "vel_std": [0.0012630276955859407, 0.0016045560172251038, 0.0012735985060101241], "acc_mean": [-2.4189862222409336e-07, 1.5275814066377922e-06, -2.979643221221016e-07], "acc_std": [0.0001506243285125693, 0.00017795969153476865, 0.0001563215061233733]}