{"bounds": [[0.2, 0.8], [0.2, 0.8], [0.2, 0.8]], "sequence_length": 804, "default_connectivity_radius": 0.025, "dim": 3, "dt": 1, "vel_mean": [1.5664933e-06, -1.4420556e-06, -4.3587715e-06], "vel_std": [0.040392, 0.040488843, 0.040820546], "acc_mean": [1.0654962e-06, -2.5960055e-08, 9.3389836e-08], "acc_std": [0.063094385, 0.06312604, 0.063843325]}